编号,武将名,皮肤名
101,刘备,仁君降世
701,黄月英,奇智女杰
801,孙权,东吴大帝
1202,周瑜,武将列传
1301,大乔,武将列传
1701,夏侯惇,武将列传
1601,司马懿,武将列传
10301,SP孙尚香,武将列传
1401,陆逊,武将列传
1501,曹操,武将列传
15101,曹植,落英清影
16101,张春华,春风灼华
1502,曹操,魏武大帝
601,马超,一世之杰
2301,吕布,勇猛无双
3001,小乔,武将列传
1801,张辽,阵前先锋
901,甘宁,虎将之才
2406,貂蝉,闭月羞花
2406,貂蝉,闭月羞花
602,马超,骠骑将军
2001,郭嘉,天生鬼才
1602,司马懿,狼顾之相
102,刘备,汉室宗亲
21102,于吉,琅琊道士
5401,孙策,勇冠一世
201,关羽,义薄云天
21201,张角,驱雷策电
17109,华雄,阿狸系列
1901,许褚,勇力绝人
1002,吕蒙,计取三郡
401,诸葛亮,匡扶蜀汉
4301,曹丕,登基为帝
10801,SP赵云,一身是胆
802,孙权,十五而立
18703,王异,忠贞礼节
18601,徐庶,弃武从文
1802,张辽,攻破袁氏
2401,貂蝉,月下弄兔
702,黄月英,秀外慧中
15102,曹植,风华绝代
402,诸葛亮,鞠躬尽瘁
5201,姜维,斩将拔城
5001,张郃,从征四方
4401,孙坚,所向披靡
5703,蔡文姬,月下琵琶
5501,张昭张纮,竭力固政
5701,蔡文姬,塞上吹笛
5402,孙策,横扫吴会
16102,张春华,杀人灭口
15301,陈宫,下邳受戮
16401,荀攸,算无遗策
5601,左慈,仙人之怒
5301,刘禅,乐不思蜀
18801,关兴张苞,将门虎子
10001,袁术,僭号天子
16801,步练师,宠冠后庭
4901,鲁肃,当世人杰
3501,荀彧,王佐之才
4801,贾诩,经达权变
17301,钟会,傲睨一世
4501,董卓,乱世魔王
17701,关平,忠臣孝子
7301,刘协,受困天子
501,赵云,少年将军
21202,张角,天公将军
12601,丁奉,清侧重臣
12101,乐进,奋强突固
17601,满宠,政法兵谋
18001,潘璋马忠,擒龙伏虎
11201,SP蔡文姬,妙解音律
11901,张宝,地公妖将
202901,甘夫人,昭烈皇后
15201,高顺,攻无不克
3801,太史慈,笃烈之士
17401,曹冲,仁爱神童
16201,曹彰,黄须男儿
11301,陈琳,破竹之咒
11501,关银屏,将门虎女
16601,廖化,历尽沧桑
17901,刘封,骑虎之殇
3701,卧龙诸葛亮,天火燎原
15701,吴国太,武烈皇后
205901,邹氏,惑心之魅
4001,颜良文丑,虎狼兄弟
3901,庞德,人马一体
3401,典韦,古之恶来
4601,祝融,野性女王
4101,袁绍,乱箭肃敌
16901,程普,三朝虎臣
4201,徐晃,粮尽援绝
17801,简雍,优游风议
18704,王异,决意巾帼
18301,伏皇后,孤注一掷
10901,SP貂蝉,暗傀儡师
3601,庞统,铁锁连舟
15501,凌统,豪情烈胆
18101,虞翻,狂直之士
11701,大乔小乔,铜雀春深
103,刘备,执掌蜀汉
10302,SP孙尚香,乱世情缘
16802,步练师,庭院深深
11502,关银屏,关氏三姐
17101,华雄,群之魔将
17201,刘表,跨蹈汉南
2501,孙尚香,弓腰美姬
17501,郭淮,垂问秦雍
2801,夏侯渊,疾行猎豹
2202,华佗,乱世名医
15801,徐盛,万夫莫开
2002,郭嘉,世之奇士
20301,神周瑜,红莲业火
17302,钟会,精炼策数
15702,吴国太,年高德劭
11801,诸葛恪,全力攻城
2601,界黄忠,勇冠三军
15502,凌统,浴血鏖战
16103,张春华,花前月下
2102,甄姬,洛神赋图
3002,小乔,豆蔻年华
1203,周瑜,雅量高致
5502,张昭张纮,共施经略
205501,孔融,凛然重义
3502,荀彧,明以举贤
2901,曹仁,神勇撼敌
403,诸葛亮,星璨长河
5302,刘禅,纵权享乐
15601,马谡,兵法在胸
5202,姜维,兼负才武
703,黄月英,兰质蕙心
3702,卧龙诸葛,祭风匡焰
18002,潘璋马忠,伏路断道
4902,鲁肃,独断远略
4302,曹丕,存道辟业
16702,马岱,出其不意
17001,韩当,从击敌寇
18701,王异,慧心谋策
16803,步练师,风仪之姿
2403,貂蝉,美撼凡尘
4502,董卓,专擅朝政
17602,满宠,立志刚毅
4303,曹丕,迈志存道
2103,甄姬,薄幸美人
12301,诸葛瑾,直方敢谏
4602,祝融,蛮王夫人
5101,邓艾,手执耒耜
2104,甄姬,翩若惊鸿
18302,伏皇后,与世不侵
16703,马岱,斩草除根
2003,郭嘉,浴兰沐芳
18303,伏皇后,霜夜凤诏
17702,关平,九霄龙吟
5705,蔡文姬,悲途愁音
1402,陆逊,Q版形象
4402,孙坚,兵圣后裔
4603,祝融,火神转世
12201,曹昂,Q版形象
4304,曹丕,代汉自立
3802,太史慈,北海报恩
17902,刘封,立嗣陷危
5002,张郃,Q版形象
3503,荀彧,谋能应机
20401,神诸葛亮,Q版形象
2502,孙尚香,志胜须眉
11802,诸葛恪,英才卓越
21001,新周泰,Q版形象
5403,孙策,猛锐盖世
1303,大乔,矜持之花
16402,荀攸,妙计百出
15802,徐盛,Q版形象
4802,贾诩,智放沈密
18401,李儒,Q版形象
20501,神曹操,炼狱枭魂
10002,袁术,勇而无断
15703,吴国太,梦怀日月
2105,甄姬,娇花照水
17402,曹冲,英雄少年
2404,貂蝉,如花似玉
4503,董卓,权倾天下
18501,法正,乱世奇才
18304,伏皇后,幽绝之后
32001,界公孙瓒,威震塞外
202,关羽,忠肝义胆
803,孙权,帝王之威
16104,张春华,瑶台花容
17303,钟会,曹魏翘楚
2405,貂蝉,一舞倾城
104,刘备,烈帝玄德
3703,诸葛亮,天侯孔明
3602,庞统,浴火士元
704,黄月英,工神月英
32101,曹真,佳人子丹
1603,司马懿,断狱仲达
2802,夏侯渊,绝尘妙才
5003,张郃,巧魁儁乂
603,马超,Q版形象
502,赵云,Q版形象
304101,何进,外戚专权
18702,王异,绝色异彩
18402,李儒,绝世之谋
5102,邓艾,远见卓识
16704,马岱,征西将军
11401,曹洪,转战四方
11101,SP曹仁,冷面将军
1304,大乔,顾盼生姿
4903,鲁肃,璞玉浑金
11601,夏侯霸,虎将无双
3003,小乔,月上柳梢
30801,界周瑜,英姿白袍
10802,SP赵云,常胜将军
18403,李儒,焚城灭计
12202,曹昂,悍不畏死
30401,界徐庶,侠义谋略
4202,徐晃,樊城解围
17703,关平,厉虎雄姿
11503,关银屏,皓月当空
1403,陆逊,火攻蜀营
30201,界赵云,举世独立
16403,荀攸,敬侯部兵
4102,袁绍,傲视群雄
4604,祝融,烈焰红粉
12302,诸葛瑾,谋定全局
4701,孟获,南中豪强
15803,徐盛,奋身御前
30001,界关羽,单刀赴会
2702,魏延,镇军治戎
15704,吴国太,甘露招亲
16804,步练师,灼灼其华
16202,曹彰,旷世神力
2106,甄姬,踏水仙子
31501,界许褚,奋力一击
30101,界张飞,气贯长虹
5203,姜维,志立功名
5602,左慈,腾云驭风
31201,界司马懿,奇策善谋
17403,曹冲,睿智少年
10003,袁术,南方霸主
30501,界甘宁,锦帆游侠
30701,界黄盖,骁勇虎将
31701,界李典,破虏大将
7302,刘协,末世天子
2602,界黄忠,神武老将
7201,伏完,乱世国丈
18502,法正,鹰扬虎视
30901,界大乔,舞动生花
17502,郭淮,破羌攻胡
11702,大小乔,并蒂芙蓉
16001,于禁,坚毅果敢
10004,袁术,夺玺僭帝
3504,荀彧,布化天下
2503,孙尚香,军中红装
5103,邓艾,凛冬将至
21002,周泰,舍身护主
31801,界华佗,药坛圣手
10303,SP孙尚香,林中箭舞
5204,姜维,凛冬将至
17304,钟会,凛冬将至
12102,乐进,勇猛精进
3402,典韦,忠勇死士
4002,颜良文丑,骁勇双雄
32002,界公孙瓒,未配置
15202,高顺,骁勇忠烈
20402,神诸葛亮,观星唤雨
15602,马谡,恃才论计
30402,界徐庶,济困侠士
10304,SP孙尚香,烈焰凤凰
4403,孙坚,武烈皇帝
31001,界陆逊,蹁跹君子
15103,曹植,情兼雅怨
12801,马良,白眉智士
12501,祖茂,杀身成仁
16105,张春华,冷血皇后
17202,刘表,荆襄霸主
12701,潘凤,嗜血狂斧
10701,SP马超,西凉猛狮
33001,沮授,监军谋国
5404,孙策,讨逆将军
17704,关平,忠孝仁勇
12103,乐进,无坚不陷
30502,界甘宁,折冲将军
105,刘备,御驾亲征
32701,孙鲁班,为虎作伥
16602,廖化,老骥伏枥
4504,董卓,倒行逆施
4702,孟获,南蛮之王
10501,SP庞德,尽忠徇节
32301,陈群,清流雅望
10803,SP赵云,克定祸乱
4803,贾诩,持胜善谋
17102,将华雄,铁壁钢躯
11803,诸葛恪,才思敏捷
10005,袁术,登极至尊
16805,步练师,缘后雅志
3505,荀彧,荀令留香
32501,周仓,忠勇当先
16902,程普,荡寇将军
18102,虞翻,刚上直率
31301,界夏侯,独眼罗刹
10902,SP貂蝉,驭身控魂
4904,鲁肃,坦荡豪爽
12802,马良,文经勤类
12204,曹昂,取义成仁
12901,诸葛诞,严毅威重
11302,陈琳,符檄擅声
17002,韩当,厉兵昭武
2004,郭嘉,智策奇佐
17603,满宠,镇守魏南
18705,王异,贞烈孤芳
5405,孙策,情深意重
30802,界周瑜,情深意重
5205,姜维,烽火乱世
404,诸葛亮,南征北战
18602,徐庶,一言不发
16701,马岱,平北将军
30301,界马超,勇力善战
5104,邓艾,偷渡阴平
12602,丁奉,神行太保
30601,界吕蒙,士别三日
31302,界夏侯惇,拔矢啖睛
12401,张星彩,将门红妆
16404,荀攸,竹风韵凉
3004,小乔,人比花娇
5303,刘禅,懈怠朝政
31502,许褚,势如破竹
10401,杨修,胸中绵帛
31101,界曹操,魏武霸业
33101,蔡夫人,倚姣作媚
902,甘宁,夜袭曹营
11804,诸葛恪,东兴大捷
5603,左慈,驾鹤飞天
2703,魏延,狂傲不羁
11001,SP贾诩,深谙权术
15503,凌统,旋略勇进
12902,诸葛诞,东兴之战
32702,孙鲁班,宫邻金虎
301,张飞,勇力绝伦
32401,吴懿,不陷危坠
17903,刘封,螟蛉之子
32601,张松,西川之图
18201,朱然,猇亭之战
13101,何太后,艳压群芳
16002,于禁,守执节义
15603,马谡,军略才器
16003,于禁,讨暴坚垒
11002,SP贾诩,策谋深长
33102,蔡夫人,名门妖媛
32801,朱桓,勇烈奋励
30203,界赵云,单骑救主
1404,陆逊,奕世载德
21003,周泰,不惜躯命
32901,顾雍,殚思密重
804,孙权,吴王光耀
2302,吕布,骁猛战神
13601,文聘,不避险阻
32902,顾雍,赞国经纶
4605,祝融,绝色南蛮
33002,沮授,凝眸知阵
31702,李典,义忘私隙
32302,陈群,动仗名义
32703,孙鲁班,尊贵骄矜
15604,马谡,才器过人
4905,鲁肃,众人之表
30803,界周瑜,雄姿英发
17203,刘表,外宽内忌
30204,界赵云,虎威将军
31002,界陆逊,淑人君子
10903,SP貂蝉,伐情损敌
31401,界张辽,身先士卒
32102,曹真,执节平敌
18503,法正,睹事知机
705,黄月英,巧鉴夫情
2107,甄姬,轻云蔽月
18305,伏皇后,班政兰闺
5503,张昭张弘,辅国安邦
15203,高顺,陷阵克敌
31202,界司马懿,辅政平乱
3704,卧龙诸葛亮,逸群之才
13102,何太后,蛇蝎美人
202902,甘夫人,淑慎其身
2603,界黄忠,摧峰登难
10601,SP关羽,单骑千里
5004,张郃,江陵破吴
18802,关兴张苞,满门忠烈
4203,徐晃,长驱直入
18603,徐庶,仗剑行侠
1101,黄盖,赴汤蹈火
33901,朱治,安国将军
1305,大乔,美目盼兮
32602,张松,博闻强识
18404,李儒,为鬼为蜮
11703,大乔小乔,绝色双姝
33801,孙休,志善好学
11402,曹洪,忠驱护主
1204,周瑜,英隽异才
2203,华佗,妙手回春
33301,曹休,下辨扬威
1902,许褚,燕颔虎头
31901,界吕布,善战无前
4103,袁绍,名动天下
17802,简雍,巧舌如簧
10305,SP孙尚香,好观武事
15804,徐盛,胆略器用
33401,钟繇,备尽法度
34101,公孙渊,业以载凶
30602,界吕蒙,见状明判
33501,刘谌,北地亲王
10502,SP庞德,抬棺决死
32402,吴懿,出镇汉中
16004,于禁,威重严整
34001,全琮,以米赈赡
13501,孙鲁育,荷叶罗裙
20502,神曹操,一统江山
20201,神吕蒙,白衣渡江
20601,神吕布,战神金刚
11504,关银屏,武继先人
33201,曹叡,恢拓洪业
34201,郭图逢纪,心摹手追
33701,张嶷,讨贼抚夷
12205,曹昂,孝战生死
15302,陈宫,背曹迎吕
4104,袁绍,兵势强盛
12402,张星彩,愿尽己力
1702,夏侯惇,勇敌万军
16603,廖化,蜀中大将
4305,曹丕,大魏文帝
5005,张郃,善阵巧变
3803,太史慈,笃烈神弓
17103,将华雄,关西猛将
5206,姜维,雄心誓愿
15504,凌统,徒奋其威
12803,马良,笔酣墨饱
3603,庞统,梧凤之鸣
5406,孙策,才略绝异
4404,孙坚,勇挚刚毅
3804,太史慈,气勇胆烈
16106,张春华,绰约多姿
17305,钟会,料敌制胜
32802,朱桓,傲世轻物
3005,小乔,矫情之花
36201,王基,著德立勋
7303,刘协,汉末龙裔
15705,吴国太,德隆望重
11602,夏侯霸,穿云裂石
12303,诸葛瑾,才猷蕴借
11805,诸葛恪,穷兵黩武
11202,SP蔡文姬,缠绵悱恻
31402,界张辽,风驰电掣
5604,左慈,亦幻亦真
4906,鲁肃,缔造联盟
2504,孙尚香,临阵枭姬
32103,曹真,霜雷之威
18504,法正,蜀汉之翼
3403,典韦,剽劲虎卫
304201,牛金,精进勇猛
17904,刘封,笼鸟槛猿
11203,SP蔡文姬,婉娩流逸
36101,SP黄月英,坐也思君
4105,袁绍,豪贵名门
1405,陆逊,书生冀才
4306,曹丕,善醉易醒
32003,界公孙瓒,绮丽飞流
10402,杨修,丞相主簿
30702,界黄盖,献策焚舰
3805,太史慈,神亭酣战
5006,张郃,街亭败蜀
2407,貂蝉,玉蝉仙子
10306,SP孙尚香,轻舞花烛
203,关羽,威震华夏
4804,贾诩,乱武天下
34301,张鲁,不鏖遗民
33003,沮授,夺马归袁
2005,郭嘉,清新俊逸
205601,纪灵,仲家武锐
15303,陈宫,一战而就
15605,马谡,胸中甲兵
16904,程普,醉酒提矛
31003,界陆逊,温文尔雅
12403,张星彩,红飞翠舞
205902,邹氏,淯水香魂
10503,SP庞德,授命叱敌
34102,公孙渊,恣睢海外
36001,司马朗,医者德行
21401,华雄,斩将攫石
32704,孙鲁班,倚虎弄权
7202,伏完,身陷囹圄
1306,大乔,望君早归
13701,SP孙皓,溺酒残戮
205701,田丰,计权合变
31102,界曹操,壮心不已
3705,卧龙诸葛亮,静以致远
38401,岑昏,饕餮盛宴
10804,SP赵云,真龙之意
18405,李儒,烈火焚城
13602,文聘,镇卫江夏
21004,周泰,豪饮鲸吞
205401,马腾,夜袭许昌
33601,夏侯氏,燕语呢喃
17004,韩当,冠军太守
2803,夏侯渊,虎步关右
12903,诸葛诞,挥剑惊石
12206,曹昂,醉玉颓山
34002,全琮,临阵献策
18505,法正,计斩妙才
805,孙权,年轻贤君
30102,界张飞,断石酬志
29901,界刘备,智擒严颜
205602,纪灵,怏怏不平
30804,界周瑜,舞剑助兴
32603,张松,大展宏图
31601,界郭嘉,百举百全
21101,于吉,幻惑众心
205502,孔融,师表海内
12404,张星彩,巾帼英姿
5105,邓艾,耕耘树艺
13103,何太后,风流秀曼
10006,袁术,妄自尊立
4307,曹丕,魏王称帝
4405,孙坚,魂佑江东
1703,夏侯惇,浴血奋战
33402,钟繇,诗礼之训
36102,SP黄月英,慧心巧思
38601,黄皓,恃权贪贿
13502,孙鲁育,天真浪漫
32502,周仓,忠驱义感
10904,SP貂蝉,驭魂千机
5407,孙策,策马扬鞭
4606,祝融,浴火蛮神
30603,界吕蒙,当涂掌事
38001,郭皇后,魂牵梦萦
33103,蔡夫人,眉颦笑浅
34801,严白虎,拿刀动杖
18202,朱然,杀敌致果
38101,李严,谨重严毅
1503,曹操,魏武东临
15104,曹植,七步绝章
5106,邓艾,神兵天降
16405,荀攸,十二奇策
18406,李儒,绝策魔仕
17204,刘表,威仪雍容
1604,司马懿,鹰视狼顾
13001,程昱,握筹布画
38201,孙登,少年才俊
21203,张角,雷鸣天启
13901,SP姜维,文武兼济
1102,黄盖,轻身为国
17005,韩当,凫趋雀跃
2505,孙尚香,魅影剑舞
12405,张星彩,枪碎星河
33502,刘谌,烈帝后裔
903,甘宁,披星踏浪
10805,SP赵云,神乎其技
5304,刘禅,挤眉弄眼
36202,王基,傲雪凌霜
11003,SP贾诩,鬼谋乱世
31703,界李典,离狐太守
30002,界关羽,正襟危坐
12603,丁奉,雪奋短兵
15706,吴国太,颐神养寿
33802,孙休,游林射稚
17404,曹冲,手不释卷
13503,孙鲁育,刹那芳华
202903,甘夫人,舐犊情深
2902,曹仁,力抵万钧
206901,臧霸,猛击劈浪
10307,SP孙尚香,双瞳剪水
4805,贾诩,谋能乱世
30302,界马超,西凉雄狮
1205,周瑜,赤壁破曹
17003,韩当,旋击敌寇
30206,界赵云,寒光凛然
2701,魏延,嗜血独狼
31103,界曹操,东临碣石
1803,张辽,破敌未合
31004,界陆逊,烈焰燃天
33602,夏侯氏,采映荷灯
5605,左慈,妙笔为龙
205903,邹氏,艳若桃李
36002,司马朗,试尝百草
11603,夏侯霸,盘马弯弓
12702,潘凤,桀骜不驯
38701,张让,祸乱朝纲
15606,马谡,攻心定南
3404,典韦,横冲直撞
4003,颜良文丑,披坚执锐
34202,郭图逢纪,目语额瞬
34003,全琮,睟面盎背
4703,孟获,扫坛蛮王
33104,蔡夫人,妍姿妖艳
36401,李通,一骑万川
405,诸葛亮,空城退敌
13104,何太后,斜倚凤榻
34103,公孙渊,独饮醉卧
2204,华佗,济世良医
36003,司马朗,识草辨药
32201,韩浩史涣,通力合作
32705,孙鲁班,闲情逸致
38002,郭皇后,心系君魂
17803,简雍,谑浪笑敖
18706,王异,轻燕掠影
33403,钟繇,气定神闲
11204,SP蔡文姬,故土难离
17905,刘封,志得意满
7304,刘协,唯唯诺诺
31602,界郭嘉,天生奉孝
302,张飞,万人莫敌
16203,曹彰,任城威王
16005,于禁,临危不惧
18803,关兴张苞,肝胆相照
13002,程昱,谋定后动
3902,庞德,纵马横刀
2006,郭嘉,一世风华
1605,司马懿,佳期若梦
30303,界马超,一马当先
29902,界刘备,乱世枭雄
12502,祖茂,横刀策马
304102,何进,屠猪贩肉
10602,SP关羽,扬刀击敌
11505,关银屏,翠羽明珠
11704,大乔小乔,同气连枝
205904,邹氏,切切于心
33702,张嶷,秋叶横刀
38602,黄皓,阴柔害物
38702,张让,计研心筭
16107,张春华,态浓意远
34501,士燮,先干为敬
36203,王基,时之彦士
31902,界吕布,如火燎原
33202,曹叡,任心而行
16204,曹彰,勇猛直前
4806,贾诩,志在必得
33603,夏侯氏,姹紫嫣红
18004,潘璋马忠,遁迹潜形
303,张飞,狂饮鲸吸
204,关羽,飞龙在天
32503,周仓,忠贯白日
33604,夏侯氏,灯烛辉煌
10403,杨修,沽酒而饮
10702,SP马超,咬牙切齿
17804,简雍,棋逢对手
30902,界大乔,茕茕孑立
30207,界赵云,战场游龙
13603,文聘,勇者不惧
33302,曹休,擐甲执锐
13702,SP孙皓,独夫之心
4807,贾诩,谋定天下
30805,界周瑜,谋定天下
4907,鲁肃,谋定天下
3707,卧龙诸葛亮,谋定天下
3606,庞统,谋定天下
3507,荀彧,谋定天下
2007,郭嘉,谋定天下
1607,司马懿,谋定天下
31005,界陆逊,谋定天下
1206,周瑜,盖世之才
3006,小乔,翩舞星灵
16905,程普,犹能弯弓
3807,太史慈,百发百中
5504,张昭张纮,研精苦思
21005,周泰,勇者无惧
3706,卧龙诸葛亮,三分天下
13105,何太后,惊鸿绝艳
38703,张让,浊乱海内
10007,袁术,遂益骄肆
304301,韩遂,驱率羌胡
37101,阚泽,宽释请命
1103,黄盖,慨然受刑
12304,诸葛瑾,逍遥物外
706,黄月英,灵机一动
1003,吕蒙,勇有谋断
17705,关平,战场虎子
2604,界黄忠,老当益壮
16604,廖化,果敢刚直
12703,潘凤,威风堂堂
17806,简雍,滑稽使者
34104,公孙渊,快心遂意
38603,黄皓,无奈我何
11604,夏侯霸,愤然反击
18103,虞翻,面争庭论
11506,关银屏,凰舞九天
3605,庞统,飞鸾翔凤
20302,神周瑜,琴音袅袅
17105,将华雄,攫戾执猛
11902,SP张宝,心术不定
30604,界吕蒙,渡江袭敌
32903,顾雍,稍安勿躁
503,赵云,踔绝之能
36501,糜竺,盛情款待
30403,界徐庶,忠孝侠士
32202,韩浩史涣,勇往直前
33703,张嶷,持刀破敌
30003,界关羽,乘利而进
12503,祖茂,奋勇而起
30404,界徐庶,燕颔儒生
30503,界甘宁,铁胆游侠
33105,蔡夫人,隔帘细听
32904,顾雍,随能所任
15707,吴国太,雍容雅步
4704,孟获,山崩地裂
36004,司马朗,望闻问切
29903,界刘备,开拓宏图
34802,严白虎,忻忻得意
13902,SP姜维,挥兵指刃
2605,界黄忠,老而弥坚
33902,朱治,气冲牛斗
1704,夏侯惇,失睛兵败
3806,太史慈,战天斗地
38202,孙登,超然卓绝
34203,郭图逢纪,妄画蛇足
32803,朱桓,飞刀制敌
21501,标袁术,高自期许
38402,岑昏,名缰利锁
31704,界李典,学而不厌
37501,戏志才,颍川之才
17405,曹冲,资优神童
2205,华佗,鹿林圣手
34901,关索,骁勇小将
38003,郭皇后,流云轻梳
36205,王基,学行坚白
1104,黄盖,破天焚舰
11806,诸葛恪,蓝田生玉
406,诸葛亮,胸怀千军
15805,徐盛,洞口之战
5706,蔡文姬,思我乡土
207001,糜夫人,萧疏伊人
36103,SP黄月英,自出新裁
15305,陈宫,空负栋梁
18506,法正,恩怨如火
37102,阚泽,昼耕夜诵
21006,周泰,血战不屈
15204,高顺,冲锋陷阵
38102,李严,心怀忐忑
15105,曹植,豆萁燃豆
2903,曹仁,坚石铁壁
2606,界黄忠,没金饮羽
4204,徐晃,遣将征兵
10703,SP马超,杵枪摧敌
32403,吴懿,高昂果劲
16906,程普,老臣之志
3604,庞统,任其自流
1606,司马懿,笃定泰山
2303,吕布,武的化身
38103,李严,自信不疑
3903,庞德,英风劲气
32504,周仓,草莽志士
16807,步练师,宽容慈惠
205702,田丰,焦心热中
33503,刘谌,大哭祝庙
17106,将华雄,百战沙场
4505,董卓,西凉鬼豪
36502,糜竺,豪商巨贾
30103,界张飞,雄猛震世
30703,界黄盖,急火先锋
202904,甘夫人,寸草丹心
2804,夏侯渊,所向无前
11903,张宝,望风披靡
30903,界大乔,花好月圆
3007,小乔,花好月圆
2110,甄姬,花好月圆
15205,高顺,陷阵统帅
304302,韩遂,蹯踞西疆
15306,陈宫,有谋而迟
4004,颜良文丑,齐心戮力
806,孙权,举众江东
21205,张角,轰雷掣电
39101,曹节,提篮撷花
31203,界司马懿,狼顾鬼才
21103,于吉,符水道人
31903,界吕布,天下无双
7305,刘协,身不由己
15304,陈宫,慨然赴死
33203,曹叡,识见明敏
12207,曹昂,临危不乱
10308,SP孙尚香,花好月圆
3405,典韦,怒目迫视
2304,吕布,枭勇善战
10504,SP庞德,意怒气壮
18604,徐庶,醉酒御剑
33303,曹休,志在雄英
32303,陈群,御史中丞
707,黄月英,花好月圆
2410,貂蝉,花好月圆
18804,关兴张苞,父魂子魄
21502,袁术,妄尊称帝
37001,马忠,讨平叛乱
1407,陆逊,以逸待劳
21206,张角,大贤良师
11102,SP曹仁,坚不可摧
31304,界夏侯惇,独战沙场
38203,孙登,茂美之德
205402,马腾,安狄将军
13106,何太后,弄权蛇蝎
11205,SP蔡文姬,花好月圆
34204,郭图逢纪,曲辞谄媚
11103,SP曹仁,殊死据守
36402,李通,擐甲推锋
34602,马云騄,枪舞乾坤
38704,张让,滔乱天常
4506,董卓,志欲无餍
304103,何进,色厉内荏
17503,郭淮,御蜀屏障
31403,界张辽,司空先锋
2805,夏侯渊,神速破敌
36601,董白,狡黠颖慧
36104,SP黄月英,归隐杰女
37103,阚泽,勇入曹营
33605,夏侯氏,夏花绚烂
2206,华佗,仙山游医
205503,孔融,优游自如
12904,诸葛诞,矢志不渝
16108,张春华,心狠手辣
5707,蔡文姬,天涯悲歌
30304,界马超,烈火寒芒
34302,张鲁,三代天师
38901,吴苋,温婉华贵
18805,关兴张苞,龙倚虎助
13504,孙鲁育,夭桃秾李
12104,乐进,当敌制决
13604,文聘,江夏铁壁
36503,糜竺,堆金积玉
18707,王异,花好月圆
12804,马良,临渊细书
17205,刘表,从容啸咤
1504,曹操,逐鹿中原
36301,步骘,游历吴中
36403,李通,征南将军
30904,界大乔,薄媚摘偏
36801,贺齐,集兵募器
4107,袁绍,箭击曹营
31104,界曹操,剑履上殿
36901,董允,秉心公亮
34004,全琮,名门公子
38004,郭皇后,得宠贵嫔
15106,曹植,洛阳感怀
1409,陆逊,挥剑驭火
5305,刘禅,庸主阿斗
20202,神吕蒙,风神超迈
33804,孙休,宴诛权臣
2108,甄姬,萤绕佳人
36702,赵襄,策马奔腾
39001,徐氏,贞洁烈女
34601,马云騄,花好月圆
38801,辛宪英,明辨忠奸
1408,陆逊,高情远致
37301,诸葛果,琴瑟天音
3508,荀彧,握筹布画
37601,孙乾,谈笑风生
36902,董允,梦笔生花
1705,夏侯惇,济阴太守
10404,杨修,字字珠玑
32905,顾雍,公正无私
13003,程昱,泰山捧日
37502,戏志才,俊雅无双
31604,界郭嘉,酩酊人间
10905,SP貂蝉,情挑温侯
16705,马岱,一合而斩
4705,孟获,攻城略地
2904,曹仁,据守樊城
36701,赵襄,含泪桃花
33803,孙休,倚窗而坐
1004,吕蒙,满腹经纶
31204,界司马懿,与时舒卷
18708,王异,密谋奇计
37801,刘琦,出镇江夏
708,黄月英,七窍玲珑
39002,徐氏,飘逸若仙
13903,SP姜维,挥斥方遒
21104,于吉,摄人心魄
11906,张宝,换斗移星
38802,辛宪英,玉梅香慢
1804,张辽,奋勇破敌
17605,满宠,勇不可当
31802,界华佗,法灸神针
32604,张松,阴怀谋妄
17604,满宠,严刑峻法
36302,步骘,博研道艺
5708,蔡文姬,雪诉离伤
29904,界刘备,青梅煮酒
33404,钟繇,挥毫代诏
205703,田丰,刚而谏上
33903,朱治,安国兴邦
32203,韩浩史涣,擐甲挥刀
21402,华雄,持枪顽抗
14001,兀突骨,悍然嗜血
30905,界大乔,秋蕊香引
2111,甄姬,梦玉人引
39102,曹节,凰梦汉回
5007,张郃,汉中溃蜀
38902,吴苋,长乐主母
31603,界郭嘉,早终先知
30004,界关羽,月下出征
37002,马忠,抚马备战
205505,孔融,一脉相传
36903,董允,月下独酌
39201,嵇康,合天琴师
36602,董白,花千童趣
10101,公孙瓒,扬旗立威
31503,界许褚,威震淮汝
39401,薛综,彬彬名儒
12407,张星彩,长缨红绫
5606,左慈,盘中垂钓
7203,伏完,负重致远
15505,凌统,转战回击
2704,魏延,誓死卫汉
20101,神关羽,关帝之魂
34604,马云騄,雨中前行
4205,徐晃,东征西讨
16406,荀攸,经达权变
4607,祝融,狱炎破天
32304,陈群,治世之才
39501,蔡邕,妙笔生花
30906,界大乔,思君情长
38803,辛宪英,泼墨挥情
18203,朱然,胆守一方
202906,甘夫人,缝思盼子
11004,SP贾诩,良平之奇
37503,戏志才,病榻深忧
12805,马良,多谋善断
31504,界许褚,大快朵颐
106,刘备,六星耀帝
7402,灵雎,艳绝无双
34603,马云騄,舐伤伴君
31404,界张辽,威震逍遥
304203,牛金,陷阵冲锋
205504,孔融,北海为相
38804,辛宪英,才涌花娇
16605,廖化,老将迟暮
30005,界关羽,刮骨疗伤
31803,界华佗,济世神医
36703,赵襄,万军扬襄
207002,糜夫人,香消玉殒
1005,吕蒙,舞枪弄棒
38403,岑昏,肆无忌惮
207101,陈武董袭,如埙如箎
304303,韩遂,气高志远
11206,SP蔡文姬,归乡别离
2305,吕布,勇战三英
13505,孙鲁育,花开烂漫
17006,韩当,箭厉沙场
904,甘宁,护主断后
39103,曹节,月孤影单
38805,辛宪英,文怀心中
304202,牛金,势得头筹
31605,界郭嘉,夜笔奇策
32204,韩浩史涣,执掌禁军
10102,公孙瓒,白马义从
37701,卑弥呼,御魂惑心
37104,阚泽,密献降书
38404,岑昏,铁锁封江
39402,薛综,彬彬如玉
205,关羽,杯酒尚温
505,赵云,汉水破曹
1105,黄盖,诈降曹营
304,张飞,义释严颜
31705,界李典,儒雅之风
17807,简雍,舌灿莲花
37504,戏志才,筹策自握
36603,董白,白玉暖香
205606,纪灵,瞠目结舌
35002,王朗,周济困急
40101,王平,街亭出奇
202905,甘夫人,夏荷慈心
3904,庞德,果敢善战
34502,士燮,笳箫鼓吹
11403,曹洪,献马救主
21403,华雄,大战众将
206903,臧霸,雄霸一方
33606,夏侯氏,星春侯福
12408,张星彩,星春侯福
33204,曹叡,情意相投
38005,郭皇后,情意相投
34902,关索,万花簇威
12305,诸葛瑾,风雅神逸
39104,曹节,执玺斥兄
7403,灵雎,浴火焚心
7306,刘协,落困天子
13004,程昱,善于谋计
20102,神关羽,链狱鬼神
3008,小乔,乔心瑾悦
30806,界周瑜,乔心瑾悦
33004,沮授,献策不绝
12604,丁奉,寿春解围
207102,陈武董袭,比肩共战
38903,吴苋,设宴留胡
33504,刘谌,昭烈自灭
38806,辛宪英,俯案观萤
35301,曹婴,芦曳意坚
30907,界大乔,软语花香
3009,小乔,软语花香
37602,孙乾,雍容风议
7404,灵雎,花舞血带
37302,诸葛果,柔情绰态
36704,赵襄,军中戏趣
207003,糜夫人,描眉绘唇
39003,徐氏,为夫弑敌
1805,张辽,万人辟易
304104,何进,谋诛宦官
36802,贺齐,林历扬名
205403,马腾,兵败返故
40401,蒯良蒯越,御策千军
31006,界陆逊,清雨踏春
30605,界吕蒙,清雨踏春
41601,司马徽,山林隐士
13904,SP姜维,护战天水
39502,蔡邕,诗音共享
206101,蒋琬费祎,社稷之器
16006,于禁,震慑青州
205603,纪灵,纳忠效信
18005,潘璋马忠,率军擒关
41001,诸葛瞻,决战邓艾
5107,邓艾,五谷蕃盛
1006,吕蒙,溯江激战
205605,纪灵,气吞山河
21204,张角,策电天公
206902,臧霸,横行江陵
40201,陆绩,怀橘盼新
33205,曹叡,玺握天下
10603,SP关羽,怒斩颜良
41501,张绣,龙骧虎视
18204,朱然,阴雨观战
18105,虞翻,言蒙防伏
39004,徐氏,卜卦占凶
40701,卢植,传道受业
34606,马云騄,随兄入蜀
37304,诸葛果,兰荷艾莲
30405,界徐庶,推仕荐龙
39301,秦宓,劝言受刑
34303,张鲁,米道师君
38501,孙资刘放,互论朝政
36706,赵襄,思亲念志
36005,司马朗,去疾还瑞
21007,周泰,护主周全
37901,鲁芝,镇边防卫
17107,将华雄,修整再战
3406,典韦,奋力战吕
38301,刘虞,察民农事
3407,典韦,武动乾坤
30006,界关羽,武动乾坤
30104,界张飞,武动乾坤
42301,樊稠,文和乱武
40202,陆绩,星熠心移
37603,孙乾,雪夜面袁
15107,曹植,情化诗赋
11005,SP贾诩,心思千变
40601,许攸,献计投曹
37902,鲁芝,存树威恩
40301,孙亮,诡谲困玺
13703,SP孙皓,贪醉荒政
504,赵云,只身救稚
36206,王基,清雅止奢
1706,夏侯惇,杀场火战
39203,嵇康,山水恬静
37402,麹义,战场连击
29905,界刘备,枭姬德爱
2506,孙尚香,枭姬德爱
5408,孙策,国色留符
30908,界大乔,国色留符
1608,司马懿,春心懿心
16109,张春华,春心懿心
2306,吕布,月颜无双
2411,貂蝉,月颜无双
41102,周妃,箜篌箜声
11605,夏侯霸,玄弓上阵
41502,张绣,追击曹军
18605,徐庶,持节不语
36504,糜竺,设宴玄德
21504,标袁术,得玺助威
39302,秦宓,布阵思策
38205,孙登,鹊星夕情
41103,周妃,鹊星夕情
42001,苏飞,枪出波涛
36604,董白,粉雕可人
38405,岑昏,敛财无厌
36803,贺齐,讨伐叛乱
18104,虞翻,直谏刚毅
604,马超,卷土凉州
11705,大乔小乔,春暖睡花
41801,李傕,文和乱武
40901,陈到,白毦统领
38604,黄皓,蛇蝎蛊心
22001,神刘备,昭烈怒火
205604,纪灵,御马攻沛
11104,SP曹仁,镇守不退
39202,嵇康,登高远望
36303,步骘,廊下闲适
36404,李通,激战马超
31905,界吕布,文和乱武
41602,司马徽,教诲不倦
37702,卑弥呼,缘法耀世
41901,张济,文和乱武
4308,曹丕,月夜情满
2112,甄姬,月夜情满
33206,曹叡,月夜情满
39503,蔡邕,博学绘法
205704,田丰,直言被困
37201,王允,连计将成
10605,SP关羽,深夜潜读
107,刘备,技法在心
2507,孙尚香,提弓出箭
30704,界黄盖,武动乾坤
36106,SP黄月英,容貌初现
31405,界张辽,武动乾坤
3808,太史慈,武动乾坤
29906,界刘备,英杰会聚
31106,界曹操,英杰会聚
44201,界孙权,英杰会聚
205506,孔融,重阳闲趣
11304,陈琳,重阳闲趣
37505,戏志才,扇留魂志
12306,诸葛瑾,诸葛一族
40203,陆绩,天象洞察
11105,SP曹仁,无惧溃军
39105,曹节,与玺同陨
37802,刘琦,与亮夜谈
42401,郭汜,文和乱武
44501,界貂蝉,文和乱武
5505,张昭张纮,锦运绵长
20801,神司马懿,三狼吞魏
41101,周妃,箜灵寻音
40801,郝昭,救援武威
37105,阚泽,观叶知微
38204,孙登,武昌施政
34903,关索,负伤出战
12409,张星彩,父志耀星
4507,董卓,文和乱武
20403,神诸葛亮,赤壁唤风
42601,曹纯,虎豹英骑
10405,杨修,无味之食
10604,SP关羽,怒斩雪战
38904,吴苋,姻福缘开
42201,唐咨,绘图构思
41503,张绣,北地枪王
39504,蔡邕,与允力争
41401,陆抗,毁堰破晋
4908,鲁肃,周济万民
30808,界周瑜,赤壁察事
37202,王允,文和乱武
7204,伏完,诏毁汉危
37003,马忠,南征蛮夷
11404,曹洪,奇策将出
31205,界司马懿,绸缪征吴
605,马超,登城志满
38906,吴苋,廊静品夜
2607,界黄忠,武动乾坤
30504,界甘宁,武动乾坤
30305,界马超,武动乾坤
10008,袁术,权溢无度
41701,徐荣,文和乱武
34803,严白虎,虎镇万军
40001,严颜,拒敌之勇
42101,黄权,诉君局势
34701,蹋顿,凶桀骁猛
36804,贺齐,豪奢仗义
36304,步骘,闲适垂钓
7405,灵雎,花落神伤
34702,蹋顿,勇雄百蛮
4808,贾诩,文和乱武
35101,鲍三娘,漫花剑俏
40102,王平,汉中显威
22101,神陆逊,夷陵破蜀
40602,许攸,计策已施
35003,王朗,抒言辨思
11207,SP蔡文姬,求情救夫
31904,界吕布,武动乾坤
31505,界许褚,武动乾坤
30208,界赵云,武动乾坤
32505,周仓,为君献刀
40403,蒯良蒯越,策有所出
7307,刘协,天命所归
31007,界陆逊,杨柳依依
30606,界吕蒙,林间征途
205905,邹氏,娇媚暗波
11208,SP蔡文姬,花藤诗赋
32804,朱桓,带兵镇守
10309,SP孙尚香,新春贺岁
506,赵云,挥枪稳心
32205,韩浩史涣,同力协契
38502,孙资刘放,共商议事
5709,蔡文姬,离乡思浓
31305,界夏侯惇,开疆烈血
35102,鲍三娘,翩若游凤
40002,严颜,虽老亦战
37803,刘琦,抗击自保
36705,赵襄,带军卫蜀
37404,麹义,静待良机
44801,界张角,励战年兽
44202,界孙权,励战年兽
31107,界曹操,励战年兽
29907,界刘备,励战年兽
4608,祝融,年意融寒
44001,界诸葛亮,花月福智
44101,界黄月英,花月福智
35302,曹婴,魏缨凤鸣
39403,薛综,渡海南征
40802,郝昭,亲身抵挡
11507,关银屏,烈凰起舞
7406,灵雎,持匕待机
12806,马良,雨中忧虑
10906,SP貂蝉,玉脂牵芯
16907,程普,厉火燃战
34804,严白虎,山林豪帅
18507,法正,忠火照君
4309,曹丕,帝业霸途
33806,孙休,江岸书品
11106,SP曹仁,静候战机
16808,步练师,趣逗双猫
44401,界甄姬,洛神御水
37306,诸葛果,踏云羽升
7308,刘协,困龙欲出
37401,麹义,连战冲阵
16407,荀攸,思策谋略
30306,界马超,临溪休战
40104,王平,安汉侯臣
1505,曹操,恃势凌人
13507,孙鲁育,玉颜双娇
32707,孙鲁班,玉颜双娇
38302,刘虞,饬身厉行
5306,刘禅,乐享忘忧
41302,毌丘俭,攻敌挫士
29908,界刘备,代为受命
2412,貂蝉,神离心异
1307,大乔,娇丽满园
3510,荀彧,空盒别君
32206,韩浩史涣,共进同战
11706,大乔小乔,双花并倚
12906,诸葛诞,时机绸缪
18709,王异,乱境新生
4508,董卓,救羌除恶
45201,界孙策,誓不成佛
37703,卑弥呼,忘却凡尘
18710,王异,清异明心
10606,界关羽,闻事出战
32706,孙鲁班,江南双花
13506,孙鲁育,江南双花
30909,界大乔,绮裙轻袖
41802,李傕,狼噬火踪
38605,黄皓,奸巧专恣
33207,曹叡,新君登位
40302,孙亮,杀机暗藏
807,孙权,幼虎远谋
16110,张春华,断情伤躯
38807,辛宪英,挥彩辨心
31208,界司马懿,新禾兴国
41702,徐荣,镬惩俘兵
38705,张让,投河陨命
2508,孙尚香,巾帼无畏
31706,界李典,军阵玄武
33607,夏侯氏,香佳花美
12411,张星彩,星花柔矛
15708,吴国太,育贤教诲
37506,戏志才,逸志俊才
11006,SP贾诩,冥夜引念
44002,界诸葛亮,托孤重臣
37704,卑弥呼,仪姿光照
31207,界司马懿,察水细思
11209,SP蔡文姬,卷读丝烟
38006,郭皇后,书墨兰心
13107,何太后,媚颜柳骨
20602,神吕布,怒斩混沌
44301,界孙尚香,金枝玉叶
13005,程昱,刚戾诡谋
39204,嵇康,琴音共鸣
1106,黄盖,铁索破阵
34607,马云騄,闲情趣笑
17406,曹冲,勤学品读
20701,神赵云,神龙佑主
30406,界徐庶,竹林御剑
30910,界大乔,赏蝶思情
12907,诸葛诞,试船遇险
44402,界甄姬,端瑞洛水
35303,曹婴,金枝玉叶
4206,徐晃,挥器扫敌
39303,秦宓,落叶知意
17906,刘封,闻讯急出
42202,唐咨,构图建业
38503,孙资刘放,助魏辅君
14002,兀突骨,蛮战沙场
44102,界黄月英,怀扇巧听
3708,卧龙诸葛亮,茅庐休憩
46101,高览,旗鼓相当
11509,关银屏,凤屏银月
36904,董允,翼赞辅君
33406,钟繇,挥笔开卷
37903,鲁芝,忠心卫境
31606,界郭嘉,夜谋纳袋
7407,灵雎,金枝玉叶
36105,SP黄月英,持智思耀
207403,蒋钦,海天箭走
15108,曹植,睹物思人
44403,界甄姬,花蝶月夜
30911,界大乔,良辰佳夕
45202,界孙策,良辰佳夕
1707,夏侯惇,忠武烈火
46601,张昌蒲,静谧轻舟
44103,界黄月英,智飞巧慧
4609,祝融,弯刀挥敌
38907,吴苋,福运锦鲤
38706,张让,宦乱朝堂
11508,关银屏,金枝玉叶
40603,许攸,献计于曹
45203,界孙策,入据曲阿
37403,麹义,勇战不羁
4809,贾诩,拂尘独行
30007,界关羽,军神对决
45701,界小乔,金秋霁月
30809,界周瑜,金秋霁月
41105,周妃,金秋霁月
13704,SP孙皓,荒政享黛
41402,陆抗,毁堰箭雨
39406,薛综,劝谏主君
38206,孙登,喜见稚童
42203,唐咨,帆舟游海
3607,庞统,谋计链出
33405,钟繇,夜观寻感
37106,阚泽,田间童趣
30105,界张飞,勇闯虎牢
39205,嵇康,清弦鸣飞
2113,甄姬,洛水仙子
39107,曹节,冰肌玉雪
31607,界郭嘉,破晓逐辰
31206,界司马懿,隐忍对阵
35004,王朗,渊薮临危
36605,董白,冰肌玉雪
44104,界黄月英,督送物资
4406,孙坚,戎装上阵
205906,邹氏,醉琴卧花
41603,司马徽,隐秘观局
39005,徐氏,红豆相思
44701,界左慈,通晓阴阳
10310,SP孙尚香,夙尚祈新
18306,伏皇后,困凰权碎
42501,张琪瑛,欢庆丰收
16706,马岱,临危受命
10104,公孙瓒,白马冲杀
36305,步骘,交州伐消
16809,步练师,与女欢馨
40702,卢植,奉命平叛
2207,华佗,百草辨闻
10505,SP庞德,临水一战
700101,夏侯徽,浩淼情缘
700201,司马师,浩淼情缘
41106,周妃,清风轻拂
700501,王元姬,昭苏元心
700401,司马昭,昭苏元心
44302,界孙尚香,百器皆擅
1904,许褚,护曹渡河
44404,界甄姬,皎月莲香
12505,祖茂,请命诱敌
30209,界赵云,春福吉云
34608,马云騄,春福吉云
42901,SP庞统,夜思故知
45703,界小乔,花纤涟漪
42602,曹纯,亲率征兵
18407,李儒,送毒篡权
39108,曹节,寻药欢喜
11210,sp蔡文姬,锦绣黛眉
12410,张星彩,星光武彩
44203,界孙权,力主抗曹
18307,伏皇后,暗夜密见
38808,辛宪英,锦绣黛眉
42402,郭汜,破城劫掠
202907,甘夫人,倚栏观霞
507,赵云,勇战佑龙
43101,沙摩柯,得功封赏
10506,SP庞德,溃敌除患
206904,臧霸,利斧破敌
22102,神陆逊,绽火烽威
38007,郭皇后,忧国祈民
18308,伏皇后,烟雨涳濛
37307,诸葛果,金枝玉叶
39304,秦宓,夜烛阅简
45702,界小乔,醉羞花香
7408,灵雎,焚心红装
2307,吕布,辕门射戟
30008,界关羽,云长武义
10311,SP孙尚香,闲情舞剑
44502,界貂蝉,出水如月
42701,许靖,观景成赋
17206,刘表,后嗣之忧
5307,刘禅,戏鸟逗乐
41703,徐荣,凶励杀绝
700202,司马师,桀骜睥睨
45801,界孙坚,傲视江东
207005,糜夫人,轻帘颜开
5506,张昭张纮,共谏忠言
1007,吕蒙,渡江待敌
15506,凌统,酒宴献武
29909,界刘备,双剑引龙
43102,沙摩柯,应号出征
34905,关索,得胜而归
700203,司马师,闲适悠趣
700102,夏侯徽,闲适悠趣
39109,曹节,派药治伤
11807,诸葛恪,临风翠竹
37805,刘琦,品醇观舟
18606,徐庶,侠儒兼备
34503,士燮,雄长一州
15207,高顺,劲迅斩乱
1208,周瑜,苦肉设计
206,关羽,身曹心汉
4063,激活,明刑柱
700801,羊徽瑜,璟瑜荷徽
47501,卧龙凤雏,赤壁链火
37705,卑弥呼,镜化千幻
2806,夏侯渊,奔轶绝尘
45001,界袁绍,讨伐奸佞
39006,徐氏,誓报此仇
32709,孙鲁班,微醺醉酒
46801,周鲂,笺书诱敌
38908,吴苋,凤飞赐福
16810,步练师,清妍钰蝶
207404,蒋钦,奋敌护主
11607,夏侯霸,阵前待令
18806,关兴张苞,得报父仇
47301,严畯,观潮笔录
30607,界吕蒙,夜思良策
18309,伏皇后,悲凄别离
35304,曹婴,劲弩飒姿
31008,界陆逊,计成出兵
48101,黄承彦,和睦安康
44105,界黄月英,慧心精刻
44005,界诸葛亮,慧心精刻
46401,张陵,骑虎寻药
13006,程昱,旭日中升
17308,钟会,风雪前行
1506,曹操,赋诗求贤
2008,郭嘉,下笔出计
33505,刘谌,醉饮感伤
41104,周妃,金枝玉叶
47901,界祝融,盛夏繁茂
40804,郝昭,攻防抗蜀
33106,蔡夫人,绮丽繁花
30307,界马超,虚拟天团
46001,荀谌,乱世谋主
45101,界刘禅,宴请享乐
17505,郭淮,霖雨连战
1806,张辽,劝降昌豨
1610,司马懿,隐露异心
700402,司马昭,温情良缘
700502,王元姬,温情良缘
42502,张琪瑛,金钰微秋
1708,夏侯惇,刚烈无惧
42204,唐咨,绘图制船
12208,曹昂,护父对敌
36207,王基,与民别离
701301,卫瓘,设计瞒会
47101,界邓艾,摧山凿险
47401,SP张辽,突围袭敌
38207,孙登,深达治国
46701,蒋干,苦思冥想
4706,孟获,南中勇战
37508,戏志才,冷夜静思
46603,张昌蒲,蒲月念兔
46602,张昌蒲,书卷回眸
34703,蹋顿,骁武百蛮
17309,钟会,蒲月念兔
43601,花鬘,南中花俏
40902,陈到,战场忠勇
30210,界赵云,急驰行进
33408,钟繇,提笔寻诗
15109,曹植,虚拟天团
701501,华歆,捧玺献绶
32708,孙鲁班,金枝玉叶
34005,全琮,福国利民
40105,王平,坚守镇防
1308,大乔,国色茶香
3010,小乔,抚琴思君
33807,孙休,施政御龙
40805,郝昭,镇守一方
20802,神司马懿,权控三势
47201,潘濬,大破溪蛮
207601,李傕郭汜,大破长安
41803,李傕,筹谋长安
44802,界张角,鬼道法阵
34904,关索,洞内养伤
44902,界于吉,化牌幻形
45102,界刘禅,虚拟天团
44901,界于吉,虚幻之躯
44702,界左慈,微妙玄通
44601,界华雄,与关周旋
37904,鲁芝,民安祥和
38008,郭皇后,罗扇指蝶
44003,界诸葛亮,赤壁东风
47601,曹性,流光箭影
34401,王荣,雪荣钟情
20702,神赵云,孤战不怯
207008,糜夫人,花卧轻舟
36405,李通,破寨攻贼
31009,界陆逊,儒秀雅教
701401,钟琰,雪荣钟情
44304,界孙尚香,虚拟天团
31506,界许褚,雄毅勇力
42102,黄权,面色悲戚
38009,郭皇后,花落酒香
11510,关银屏,翠林娇兔
35005,王朗,四世三公
41002,诸葛瞻,忠节不降
305,张飞,不忘初心
35401,左棻,凝脂铅华
22002,神刘备,帝王之姿
46901,曹爽,安逸奢靡
41504,张绣,对月畅饮
207007,糜夫人,花开清落
44405,界甄姬,虚拟天团
45902,审配,领弓破曹
44803,界张角,鬼道莫测
12704,潘凤,好勇忠敢
40204,陆绩,庭中品橘
39405,薛综,擅文儒教
38909,吴苋,福到万家
47801,潘淑,江东锦绣
10105,公孙瓒,武才趫猛
42103,黄权,镇城坚守
207202,张任,锐箭厉弓
700601,杜预,委任修律
701601,杨艳,拈针绣帕
42003,苏飞,置酒邀宁
30705,界黄盖,炙链困敌
32404,吴懿,虎跃懿欢
40005,严颜,皓首勇力
11405,曹洪,疾驰救援
43201,吕虔,驻守湖陆
40605,许攸,引君许都
46102,高览,战败投诚
700001,张虎乐琳,双勇破敌
43501,辛毗,随军伐吴
700702,晋张春华,红梅迎春
34906,关索,承父武志
39306,秦宓,笔出千策
700302,晋司马懿,红梅迎春
32805,朱桓,亲断敌降
10704,SP马超,折花心动
31507,界许褚,护卫邺城
46301,界太史慈,满弓取敌
42002,苏飞,临岸拜别
48001,界姜维,率军西平
905,甘宁,投奔孙权
40205,陆绩,橘暖星河
700802,羊徽瑜,书颜繁花
41403,陆抗,父志秉承
36805,贺齐,津南救援
701001,李肃,欲利说吕
46501,吕凯,与闿密书
11305,陈琳,夜浓酒醇
42801,王粲,登高赋词
40604,许攸,品茶闲适
41003,诸葛瞻,悲苦心伤
35801,宣公主,倚树小憩
44305,界孙尚香,满弓俏丽
701702,杨芷,妍芷艳质
34402,王荣,清虚织梦
207006,糜夫人,娇颜照水
34609,马云騄,花枪西凉
41902,张济,屯驻弘农
37605,孙乾,游说结盟
34610,马云騄,为父伤怀
701701,杨芷,人娇怜花
701602,杨艳,妍芷艳质
11211,sp蔡文姬,林间琴律
44106,界黄月英,智心巧手
33904,朱治,征讨夷越
45901,审配,坚守拒降
33407,钟繇,观花思卿
17307,钟会,少年蹴鞠
38303,刘虞,布施严令
11908,张宝,咒符天威
40803,郝昭,掷木退敌
30506,界甘宁,虚拟天团
38707,张让,幕天修罗
45401,界卧龙诸葛亮,翠林山隐
49101,冯方女,丹唇点绛
5710,蔡文姬,春晓明媚
39007,徐氏,思君感伤
15806,徐盛,独兵斫敌
11909,张宝,神符咒术
4310,曹丕,酒醉夜清
40303,孙亮,设宴诛奸
37405,麹义,能战善谋
45501,界庞统,落凤坡劫
43301,孙邵,编记政言
206103,蒋琬费祎,休养生息
12605,丁奉,雪虐风饕
36505,糜竺,惬意巡猎
30608,界吕蒙,天江锋刃
12807,马良,千计卷来
606,马超,铁骑烈焰
37507,戏志才,怀志寻知
45402,界卧龙诸葛,闲雅品读
13705,孙皓,纵情酒乐
34304,张鲁,喜迎孟起
700901,石苞,寒风凌厉
42302,樊稠,与傕协商
43701,丁原,龙腾寰宇
46902,曹爽,受诏专权
22401,神甘宁,神威如芒
37706,卑弥呼,秘镜幽幻
46604,张昌蒲,点墨识源
12307,诸葛瑾,翠林祈和
44303,界孙尚香,林间箭影
45205,界孙策,献策攻城
45704,界小乔,月夜佳妍
16205,曹彰,神勇壮猛
21505,袁术,机缘得玺
49801,清河公主,馨香清欢
44406,界甄姬,廊下待君
31406,界张辽,率军抗敌
701402,钟琰,枝下花美
45403,界卧龙诸葛亮,虚拟天团
44204,界孙权,少年勇识
35403,左棻,青荷粽香
37509,戏志才,忠魏河山
49501,陈登,火燃迷敌
12606,丁奉,夺锦争喧
32305,陈群,贵雅清丽
4005,颜良文丑,并肩破敌
29910,界刘备,领军破贼
39505,蔡邕,冥思苦想
11306,陈琳,下笔檄文
40404,蒯良蒯越,得曹赏识
37308,诸葛果,祈愿安宁
49701,羊祜,计深虑远
45206,界孙策,波翻浪涌
44205,界孙权,神武之姿
48002,界姜维,星河麒麟
44903,界于吉,虚拟天团
36506,糜竺,金奁玉宝
31108,界曹操,奔腾猎鹿
31804,界华佗,喜获妙药
40003,严颜,拒战不降
30106,界张飞,诚勇摄威
30505,界甘宁,海沸波涌
13905,SP姜维,巡视天水
20603,神吕布,神愤天威
41303,毌丘俭,威重忠义
42403,郭汜,鸷狠诡戾
41903,张济,悍威狠决
40405,蒯良蒯越,知马非顺
38105,李严,与亮相左
16707,马岱,麦田急驰
43001,袁谭袁尚,常棣失华
49901,杨婉,星光淑婉
47502,卧龙凤雏,青羽锦绣
37309,诸葛果,花重锦官
700603,杜预,鹊夜同心
50801,郭槐,笑映花语
18206,朱然,惊涛万军
45601,界魏延,行军休整
44004,界诸葛亮,隆中观局
10406,杨修,与君共邀
50802,郭槐,疑心惩婢
35802,宣公主,鹊夜同心
45602,界魏延,狂傲果敢
31608,界郭嘉,运筹布局
33411,钟繇,贺捷表奏
10106,公孙瓒,疾行跃马
37804,刘琦,对月忧思
41004,诸葛瞻,父佑瞻战
48701,刘辩,彼岸幽霜
700403,司马昭,勇夺魁首
700504,王元姬,勇夺魁首
48301,杜袭,弹指焚敌
50101,卫兹,举兵助曹
47701,黄祖,一箭取首
36905,董允,喜作诗赋
40703,卢植,校勘儒学
33208,曹叡,勤于朝政
40406,蒯良蒯越,共思谋策
47102,界邓艾,虚拟天团
43901,卞夫人,玉露清辉
40704,卢植,军锋平冀
31010,界陆逊,夜书良策
17108,将华雄,勇决前行
906,甘宁,月夜袭曹
48003,界姜维,妙算神谟
15110,曹植,玉露清辉
50001,滕芳兰,脂车香姝
42702,许靖,识人善用
45603,界魏延,奇谋诡招
10807,SP赵云,举义相投
45705,界小乔,日丽荷香
44407,界甄姬,洛水神韵
51801,周处,翻浪搏蛟
49502,陈登,举樽贺穗
45204,界孙策,得遇良将
33005,沮授,忠贞辅袁
39008,徐氏,月下思君
39307,秦宓,吟文叙古
47402,SP张辽,无坚不陷
37806,刘琦,孤身难归
45003,界袁绍,虚拟天团
44503,界貂蝉,轻盈舞魅
1905,许褚,虎咆疆场
18205,朱然,火计出奇
45301,界夏侯渊,果敢速战
48102,黄承彦,夜占吉凶
43902,卞夫人,紫绡雪颜
607,马超,志赳雍凉
13007,程昱,勇略严谋
17706,关平,辗转沙场
43401,吕旷吕翔,扶危挽澜
35201,邓芝,洞若观龙
45103,界刘禅,流马闹市
40903,陈到,白毦当先
48201,高干,威镇壶关
40106,王平,忠勇护蜀
32405,吴懿,寒原奋军
43801,曹嵩,宴迎高朋
49601,界徐晃,虚拟天团
42004,苏飞,怒钺贯江
46802,周鲂,书笺诱休
32806,朱桓,濡须火起
31011,界陆逊,娴雅清乐
50201,芮姬,玉芮花意
52801,族吴苋,锦虎骧乐
49802,清河公主,瑞雪芳梅
48302,杜袭,苦守西鄂
33107,蔡夫人,密室巫蛊
1210,周瑜,江左都督
51701,文鸯,神通法相
43602,花鬘,花谷烂漫
36306,步骘,肃笔行墨
701901,贾充,凶夜奸谋
50301,伊籍,昭文制律
47902,界祝融,浴火焚天
34403,王荣,俪觞妙舞
50701,刘宏,俪觞妙舞
52201,族荀淑,鹤轸飞鸿
40606,许攸,烽火燎袁
30308,界马超,新桃迎卯
49902,杨婉,新桃迎卯
51102,赵俨,遐迩一体
202908,甘夫人,绮梦春晖
51601,张芝,墨书清流
33608,夏侯氏,荷畔眷春
34611,马云騄,新桃迎卯
700503,王元姬,温婉如玉
31805,界华佗,五禽操戏
11511,关银屏,虎女兔娇
35501,董昭,奉帝于许
3709,卧龙诸葛亮,林隐拾逸
709,黄月英,林隐拾逸
47802,潘淑,顾盼思澜
10312,sp孙尚香,花曳心牵
51702,文鸯,横戈立马
38304,刘虞,北疆征战
41604,司马徽,坐隐乾坤
48801,杨仪,狷狭激愤
46303,界太史慈,戟摧万仞
700804,羊徽瑜,绵丽春暖
50901,曹宪曹华,娇媚芙蓉
22701,神张角,驭道震泽
43603,花鬘,锋丽鬘影
35402,左棻,诗赋才情
36707,赵襄,沙场芳魂
50102,卫兹,助龙点睛
44804,界张角,剑斩赤蚺
22601,神孙权,同辉日月
18711,王异,心伤花怜
50501,界蔡文姬,夜华抒情
49201,界孟获,斧过城摧
46302,界太史慈,单骑破围
44206,界孙权,绘鸢黛情
16811,步练师,绘鸢黛情
30811,界周瑜,临涛抚琴
50401,唐姬,曼珠俪舞
45802,界孙坚,鹰扬疆场
700602,杜预,威兵袭吴
12908,诸葛诞,威凛淮阳
44006,界诸葛亮,誓师北伐
35502,董昭,夜阑山河
46702,蒋干,千帆征战
2608,界黄忠,摧锋斩将
31906,界吕布,骁战酣勇
51201,邓忠,蓝缕启林
44408,界甄姬,清洛月泷
55401,杜夫人,清茶盼君
43103,沙摩柯,蛮王奋击
37406,麹义,竞驹伏骊
48901,朱灵,弄潮惊澜
46803,周鲂,带军鄱阳
50202,芮姬,蛮娇武俏
30912,界大乔,清萧清丽
15709,吴国太,丹云碧心
16111,张春华,月下瑶情
35701,SP张郃,龙骧赫天
18607,徐庶,契若金兰
45404,界卧龙诸葛亮,契若金兰
1611,司马懿,月下瑶情
43604,花鬘,虚拟天团
17407,曹冲,飞虹云象
49903,杨婉,梦牧敕勒
49002,王双,攫戾执猛
37905,鲁芝,斩关赴难
49401,范疆张达,夜营肆恶
7409,灵雎,舞魅蛊心
49803,清河公主,荷怜清盈
46002,荀谌,挥兵方寸
49702,羊祜,端茂劲争
41404,陆抗,端茂劲争
31109,界曹操,运筹沙场
51301,霍峻,狭路奋勇
33209,曹叡,明鉴朝纲
50002,滕芳兰,百鸟闻弦
51802,周处,擎苍寻猎
50803,郭槐,芙若槐香
13108,何太后,耀紫迷幻
49001,王双,覆军杀将
30211,界赵云,曲乐耀武
46605,张昌蒲,对月相思
2609,界黄忠,横空烈贲
36708,赵襄,伶俐雀跃
54301,周群,瞻天瞩世
35006,王朗,骧龙御宇
53901,卢氏,蝶恋清幔
46402,张陵,篆符敕星
41505,张绣,玄凰砺羽
48802,杨仪,落笔成谏
46606,张昌蒲,寄情山水
33609,夏侯氏,莲灯映月
47103,界邓艾,援崖冒矢
51501,界荀彧,竹隐定局
51101,赵俨,执法河东
15607,马谡,勘策惊涛
701801,辛敞,弃魏投晋
36907,董允,忠驱虎狼
11212,sp蔡文姬,抚弦绘黛
701403,钟琰,落芳清雅
51401,梁兴,行掠关中
20703,神赵云,今吾往矣
17907,刘封,焰魂锁身
700103,夏侯徽,熠熠珠玉
52401,族荀采,雅柔映采
50403,唐姬,鹊乐织欣
48702,刘辩,鹊乐织欣
32506,周仓,忠勇助关
35601,吾彦,搏虎显威
48902,朱灵,掠风急袭
32606,张松,沃鲤泽汉
30009,界关羽,汜水摧锋
13706,孙皓,暴戾恣睢
3011,小乔,蝶恋芳华
53501,屈晃,归鸿无觅
700205,司马师,锐意无当
49703,羊祜,清觞倚梦
52301,族荀谌,栖木之择
16812,步练师,慈嫒戏涧
13508,孙鲁育,慈嫒戏涧
54001,谯周,寓星沉祚
33412,钟繇,泼墨恢宏
45302,界夏侯渊,追风疾速
36406,李通,豫州扬威
10808,SP赵云,龙战于渊
53902,卢氏,金桂月华
42503,张琪瑛,金桂月华
30706,界黄盖,酣游奋力
47702,黄祖,簇箭伏波
49202,界孟获,莽林鏖兵
701902,贾充,见匕降龙
53301,傅肜,绝途陷阵
44409,界甄姬,卧榻观花
51602,张芝,韵墨濯荷
33006,沮授,策胜珠玑
18508,法正,济危广厦
54201,阎圃,秋色相权
52001,马日磾,夺符愤膺
55402,杜夫人,银黛妆梅
57301,族荀攸,挥智千军
700505,王元姬,彩翼曼舞
48401,界贾诩,野狐博闻
43903,卞夫人,银黛妆梅
48601,界张郃,烈马金戈
57001,文钦,陷阵当先
47602,曹性,擎弓寻雠
51302,霍峻,登城鏖战
36908,董允,慨言直谏
58601,谋姜维,守毅无疆
45502,界庞统,放浪形骸
56801,费祎,趣弈思怡
20704,神赵云,百战金甲
12412,张星彩,金枝玉叶
35202,邓芝,渡江使吴
31907,界吕布,盖世无双
701903,贾充,执手同欢
48501,界鲁肃,渡江赴会
55901,张世平,宝蟾盈泰
37407,麴义,突阵奋威
56901,丁尚涴,夜阑扰梦
53601,刘巴,泽沃锦官
10705,SP马超,炽炎流焰
16409,荀攸,弈战沙场
48803,杨仪,驭雷伏乱
30010,界关羽,招财进宝
701002,李肃,携金诱虎
11512,关银屏,鸾刀惊鸿
29911,界刘备,迎春接福
52802,族吴苋,迎春接福
53903,卢氏,浣溪布泽
54701,韩融,只身说虎
700303,晋司马懿,狼窥九州
700703,晋张春华,蓦首千度
59401,胡金定,千树繁花
59301,谋关羽,千树繁花
54601,韩韶,施粥赈民
32406,吴懿,攻取雍凉
36606,董白,狸奴衔趣
62301,谋袁绍,劲锋凌人
30212,界赵云,闪转腾挪
39308,秦宓,恬淡浩然
56001,段颎,炙锋破羌
41405,陆抗,博涛之弈
40607,许攸,附势而为
31306,界夏侯惇,万难不辞
10313,sp孙尚香,乐舞惊鸿
44306,界孙尚香,花香清鸢
44207,界孙权,松翠常青
52601,界典韦,蹈锋睥世
51803,周处,义除三害
55301,王瓘,遗恨江河
17707,关平,横刀峙武
44805,界张角,道敕寰宇
56301,界张昭张纮,存异辟道
39009,徐氏,粉面桃花
56701,族钟会,一将功成
58602,谋姜维,金兰共战
56702,族钟会,金兰共战
56601,族钟毓,决胜千里
36208,王基,清奢明水
51402,梁兴,嚣焰滔天
29912,界刘备,剑舞锦绣
10314,SP孙尚香,剑舞锦绣
55601,族王凌,金戈镇恶
46201,界庞德,策马陷阵
36607,董白,娇蛮烂漫
41006,诸葛瞻,铗剑回天
30609,界吕蒙,携粽濯荷
56201,陆郁生,粽香芳菲
48502,界鲁肃,兰舟品琼
52602,界典韦,置生度外
57702,李婉,沐风婉转
46703,蒋干,说营青鸟
52501,族荀粲,晚风独立
701704,杨芷,繁花独秀
49301,田豫,奋军镇北
60201,谋太史慈,拔山盖世
49704,羊祜,书剑筹谋
59701,界陈宫,纵墨乾坤
41005,诸葛瞻,斩使决死
51502,界荀彧,书剑定远
63401,刘焉,九锡问鼎
63402,刘焉,雄踞益州
63501,谋庞统,玉帛雕翎
63502,谋庞统,计澜锦绣
29913,界刘备,计澜锦绣
56802,费祎,指唤东风
59801,凌操,长刀荡寇
54501,罗宪,舍身酬国
61901,曹腾,衣锦仪雍
306,张飞,烈将咆疆
49503,陈登,扶摇观鱼
63201,孙茹,比翼连枝
31012,界陆逊,比翼连枝
34404,王荣,霞帔云裳
58702,界徐盛,破军杀将
58701,界徐盛,江东铁壁
63203,孙茹,灯火阑珊
59901,界曹彰,黄须擒虎
62702,界蔡夫人,小荷初露
50003,滕芳兰,拈花靛情
20503,神曹操,晷月皓冕
63204,孙茹,野苹鹿呦
33905,朱治,靖澜定远
62801,界曹冲,少年迟日
54401,张华,龙泉剑啸
12705,潘凤,虎啸怒咆
47001,界董卓,肆意乱朝
12308,诸葛瑾,佐龙安澜
49102,冯方女,轻舟月岚
54101,张翼,百战酣胆
37310,诸葛果,翱羽翔月
50502,界蔡文姬,霜惊梦寒
56202,陆郁生,毓秀钟灵
55001,界颜良文丑,戈矛同忾
60901,谋孙坚,横刀立马
44307,界孙尚香,倩影芳华
64001,界吴国太,金秋雨露
45207,界孙策,高山流水
30812,界周瑜,高山流水
42005,苏飞,轻舟锐进
42205,唐咨,栈山轶海
59001,陆凯,刚言直谏
11808,诸葛恪,干略盖世
700002,张虎乐綝,与子同袍
44603,界华雄,威掠沙场
56902,丁尚涴,霜刃蚀骨
64401,谋华雄,势吞海岳
22702,神张角,清淼没川
22501,神张辽,夺锐争锋
50601,SP孟获,百蛮戎行
55801,孟达,待笺而沽
57703,李婉,闲暇作赋
62701,界蔡夫人,倚月阑珊
43302,孙邵,林轩小酌
17506,郭淮,紫电霆击
49504,陈登,胸怀壮志
58603,谋姜维,逆羽长缨
60501,谋董卓,踞京问鼎
55602,族王凌,国士霜锋
56703,族钟会,登台拜将
52701,朱儁,长社破敌
58801,界凌统,炼狱索魂
68901,南华老仙,着墨山河
52803,族吴苋,芳泽沐鲤
52101,阎柔,枕戈忾敌
55201,曹羲,展卷邀月
50203,芮姬,共御风霜
41107,周妃,共御风霜
50503,界蔡文姬,漫月思故
700204,司马师,睿略拒吴
701302,卫瓘,文论清谈
51901,夏侯玄,玉酿洗剑
62501,界张春华,玉鸾翩跹
63301,sp孙策,狮威胜虎
68701,谋张绣,冠绝沙场
68702,谋张绣,螭舞龙盘
66101,sp曹操,高殿置酒
66401,sp刘备,阑珊灯火
61201,刘辟,炎焚万军
56903,丁尚涴,春晖寄意
57701,李婉,执手同欢
63202,孙茹,灯吕锦澜
40806,郝昭,挥斥千军
59402,胡金定,倩影婀娜
40807,郝昭,万军之拒
10810,sp赵云,炙龙烈胆
68801,闪赵云,战宇龙腾
50902,曹宪曹华,锦瑟良缘
44410,界甄姬,凭栏夜思
702001,王祥,孝鲤跃冰
44308,界孙尚香,箭扫荆棘
52702,朱儁,挥刀取首
48403,界贾诩,股掌之间
55501,族王允,幽狱冰心
701102,司马伷,挥军征南
60001,界简雍,驰溟踏浪
66201,郭照,龙佑倾城
51703,文鸯,万军披靡
65301,薛灵芸,锦织翠鸾
65702,阮慧,灯影桐声
59405,胡金定,花暖春晖
50402,唐姬,举袖起舞
51001,蒲元,百战神机
2610,界黄忠,箭行雷厉
67101,界伏皇后,雨生百谷
45706,界小乔,梦蝶飞花
43104,沙摩柯,蛮王奋威
35803,宣公主,青锋潋滟
64201,界李儒,业火焚天
31209,界司马懿,千军入阵
71001,魔司马懿,傲睨九州
700604,杜预,驭麟辟浪
61001,界法正,闲倚金枰
57501,族王沦,清涛着墨
64901,陶谦,俯首助农
58101,张燕,道继三公
69401,族杨修,风澜粽香
69402,族杨修,葳蕤溯风
63207,孙茹,沐兰含芳
60202,谋太史慈,千舟竞锋
62401,郭图,腹谋抒卷
51202,邓忠,砥锋挺刃
62902,界曹植,悬香乘鲤
17708,关平,贲勇直前
30708,界黄盖,烈江映炎
60002,界简雍,信马优游
69001,关兴张苞,同心并力
40206,陆绩,璇霄寰宇
48402,界贾诩,覆手乾坤
44505,界貂蝉,灼世繁花
58802,界凌统,亢志激浪
60401,界高顺,怒獠焚天
47503,卧龙凤雏,凤宇龙翔
34405,王荣,玉燕投怀
71000,,经典版魔司马懿
71400,魔吕布,经典形象
71500,魔貂蝉,经典形象
52901,族吴班,我武惟扬
7411,灵雎,绚舞剑鸿
44208,界孙权,纵戈猎虎
54901,族吴匡,膺怒如火
41506,张绣,飞火贯虹
50404,唐姬,水月镜缘
50702,刘宏,山河独观
45104,界刘禅,怡蹴而乐
57704,李婉,绘毫靛蓝
63801,轲比能,莽原奔雷
51902,夏侯玄,濯荷浣墨
71501,魔貂蝉,幻惑欲影
70501,谋小乔,桂梦弦歌
65603,董翓,芳辰逸趣
65501,牛辅,芳辰逸趣
65401,孔淑,玉琢成器
57201,彭羕,瞋目屏鄙
11707,大乔小乔,双姝游园
64301,谋孔融,玉琢成器
54402,张华,澹水惊涛
48404,界贾诩,控魂驱魄
205907,邹氏,锦衣青云
62001,界程普,策马驱前
700803,羊徽瑜,小园落胭
42504,张琪瑛,寄语丰年
46607,张昌蒲,夜阑浣墨
70901,祢衡,锵锵振声
64601,谋袁术,月照天伦
65201,袁姬,月照天伦
48503,界鲁肃,哨壶乐宴
42604,曹纯,虎啸龙渊
62601,界刘表,庇民安居
62201,谋黄月英,燕语莺歌
40808,郝昭,绝骋惊雷
58001,牵招,千骑高牙
700902,石苞,势大力沉
44504,界貂蝉,红颜绮梦
49003,王双,暴虎熊罴
701904,贾充,篡火刺驾
45405,界卧龙,挥斥山河
62101,界王异,巾帼战野
56803,费祎,镂舆绘策
65402,孔淑,金霜盈袖
65202,袁姬,银曈缤纷
65701,阮慧,煨羹望归
38708,张让,璇玉瑶金
54801,族钟琰,飞鸿惊雪
49904,杨婉,花簇怀柔
32407,吴懿,仞锋矢勇
22103,神陆逊,连天烽火
12905,诸葛诞,重围突破
52102,阎柔,缚身戍北
72901,环淑君,游园戏蝶
71301,魔曹操,覆载天下
57601,蒋琬,乘骥御风
71701,谋诸葛亮,山河无恙
71300,魔曹操,经典形象
31110,界曹操,山河常青
59902,界曹彰,马踏敌胆
49804,清河公主,清雅趣逗
10706,sp马超,荧惑之耀
62002,界程普,老骥龙行
56904,丁尚涴,提灯贺岁
64801,谋公孙瓒,勒马鸣枪
31508,界许褚,虎啸风生
59406,胡金定,蝶剪春风
71601,吕玲绮,炽焱流金
66102,sp曹操,金羁狩瑞
49602,界徐晃,荡寇斫军
45604,界魏延,战酣雄豪
22502,神张辽,夺锐扬旌
54803,族钟琰,月满千街
57401,族王浑,月满千街
43606,花鬘,蛮帼英飒
71401,魔吕布,渊狱之煞
52703,朱儁,破敌摧山
56101,马玩,齐锋锐意
